﻿<?xml version="1.0" encoding="utf-8"?>
<abapGit version="v1.0.0" serializer="LCL_OBJECT_TTYP" serializer_version="v1.0.0">
 <asx:abap xmlns:asx="http://www.sap.com/abapxml" version="1.0">
  <asx:values>
   <DD40V>
    <TYPENAME>ZDOCX_T_LCL</TYPENAME>
    <DDLANGUAGE>E</DDLANGUAGE>
    <ROWTYPE>ZDOCX_LCL</ROWTYPE>
    <ROWKIND>E</ROWKIND>
    <DATATYPE>REF</DATATYPE>
    <ACCESSMODE>T</ACCESSMODE>
    <KEYDEF>D</KEYDEF>
    <KEYKIND>N</KEYKIND>
    <DDTEXT>table of ZCL_RECURSIVE_DATA</DDTEXT>
   </DD40V>
  </asx:values>
 </asx:abap>
</abapGit>
