﻿<?xml version="1.0" encoding="utf-8"?>
<abapGit version="v1.0.0" serializer="LCL_OBJECT_DTEL" serializer_version="v1.0.0">
 <asx:abap xmlns:asx="http://www.sap.com/abapxml" version="1.0">
  <asx:values>
   <DD04V>
    <ROLLNAME>ZCLDOCX_CELL_VALUE</ROLLNAME>
    <DOMNAME>CCMSBISTRING</DOMNAME>
    <HEADLEN>55</HEADLEN>
    <SCRLEN1>10</SCRLEN1>
    <SCRLEN2>20</SCRLEN2>
    <SCRLEN3>40</SCRLEN3>
    <DTELMASTER>8</DTELMASTER>
    <REFKIND>D</REFKIND>
   </DD04V>
   <I18N_LANGS>
    <LANGU>8</LANGU>
   </I18N_LANGS>
   <DD04_TEXTS>
    <item>
     <DDLANGUAGE>8</DDLANGUAGE>
     <DDTEXT>ZEXCEL_CELL_VALUE</DDTEXT>
     <REPTEXT>ZEXCEL_CELL_VALUE</REPTEXT>
     <SCRTEXT_S>ZEXCEL_CEL</SCRTEXT_S>
     <SCRTEXT_M>ZEXCEL_CELL_VALUE</SCRTEXT_M>
     <SCRTEXT_L>ZEXCEL_CELL_VALUE</SCRTEXT_L>
    </item>
   </DD04_TEXTS>
  </asx:values>
 </asx:abap>
</abapGit>
