﻿<?xml version="1.0" encoding="utf-8"?>
<abapGit version="v1.0.0" serializer="LCL_OBJECT_DTEL" serializer_version="v1.0.0">
 <asx:abap xmlns:asx="http://www.sap.com/abapxml" version="1.0">
  <asx:values>
   <DD04V>
    <ROLLNAME>ZDOCX_LCL</ROLLNAME>
    <DDLANGUAGE>E</DDLANGUAGE>
    <DOMNAME>ZCL_RECURSIVE_DATA</DOMNAME>
    <HEADLEN>55</HEADLEN>
    <SCRLEN1>10</SCRLEN1>
    <SCRLEN2>20</SCRLEN2>
    <SCRLEN3>40</SCRLEN3>
    <DDTEXT>reference to RECURSIVE_DATA</DDTEXT>
    <REPTEXT>reference to RECURSIVE_DATA</REPTEXT>
    <SCRTEXT_S>lcl</SCRTEXT_S>
    <SCRTEXT_M>reference to RECURSI</SCRTEXT_M>
    <SCRTEXT_L>reference to RECURSIVE_DATA</SCRTEXT_L>
    <DTELMASTER>E</DTELMASTER>
    <DATATYPE>REF</DATATYPE>
    <REFKIND>R</REFKIND>
    <REFTYPE>C</REFTYPE>
   </DD04V>
  </asx:values>
 </asx:abap>
</abapGit>
