﻿<?xml version="1.0" encoding="utf-8"?>
<abapGit version="v1.0.0" serializer="LCL_OBJECT_W3MI" serializer_version="v2.0.0">
 <asx:abap xmlns:asx="http://www.sap.com/abapxml" version="1.0">
  <asx:values>
   <NAME>ZDOCX_EXAMLE</NAME>
   <TEXT>ZDOCX_EXAMLE</TEXT>
   <PARAMS>
    <WWWPARAMS>
     <RELID>MI</RELID>
     <OBJID>ZDOCX_EXAMLE</OBJID>
     <NAME>fileextension</NAME>
     <VALUE>.docx</VALUE>
    </WWWPARAMS>
    <WWWPARAMS>
     <RELID>MI</RELID>
     <OBJID>ZDOCX_EXAMLE</OBJID>
     <NAME>filename</NAME>
     <VALUE>template.docx</VALUE>
    </WWWPARAMS>
    <WWWPARAMS>
     <RELID>MI</RELID>
     <OBJID>ZDOCX_EXAMLE</OBJID>
     <NAME>mimetype</NAME>
     <VALUE>word docx</VALUE>
    </WWWPARAMS>
   </PARAMS>
  </asx:values>
 </asx:abap>
</abapGit>
